,Case Number,DLC,Last Name,First Name,Missing Age,City,County,State,Sex,Race / Ethnicity,Date Modified,State_FIPS,State_County,County_FIPS
12,MP55349,1/29/2019,Coyle,Patrick,63,Kake,Prince of Wales – Hyder,Alaska,Male,White / Caucasian,4/14/2020,2,2_Prince of Wales – Hyder,
19,MP55571,9/12/2018,Bealer,Eric,58,Pelican Bay,Hoonah–Angoon,Alaska,Male,White / Caucasian,4/14/2020,2,2_Hoonah–Angoon,
29,MP42120,2/6/2018,Bissaco,Anthony,30,Skagway,Skagway Yakutat Angoon,Alaska,Male,White / Caucasian,12/4/2018,2,2_Skagway Yakutat Angoon,
34,MP42644,7/21/2017,Brewster,John,29,Cordova,Valdez–Cordova,Alaska,Male,White / Caucasian,4/14/2020,2,2_Valdez–Cordova,
44,MP41529,12/1/2016,Perez,Christerpher,47,Prince of Whales,Prince of Wales-Outer Ketchikan,Alaska,Male,White / Caucasian,4/14/2020,2,2_Prince of Wales-Outer Ketchikan,
47,MP35061,6/27/2016,Balderas,Joseph,36,Nome,,Alaska,Male,White / Caucasian,4/14/2020,2,,
49,MP34159,12/13/2015,Peterson,Brandon,38,Wrangell,Wrangell Petersburg,Alaska,Male,White / Caucasian,12/26/2017,2,2_Wrangell Petersburg,
73,MP61302,4/15/2011,O'Connor,Clinton,44,Craig,Prince of Wales – Hyder,Alaska,Male,White / Caucasian,4/14/2020,2,2_Prince of Wales – Hyder,
79,MP36995,2/4/2010,Crawford II,James,25,Mitkof Island,Wrangell Petersburg,Alaska,Male,White / Caucasian,4/17/2018,2,2_Wrangell Petersburg,
83,MP42420,6/29/2009,Butler,Samuel,24,Coffman Cove,Wrangell Petersburg,Alaska,Male,White / Caucasian,11/20/2018,2,2_Wrangell Petersburg,
84,MP42491,6/20/2009,Patigler,Gerhard,68,Palmer,,Alaska,Male,White / Caucasian,3/7/2018,2,,
91,MP51811,3/6/2008,Kassahn,Norman,63,Cordova,Valdez–Cordova,Alaska,Male,White / Caucasian,4/14/2020,2,2_Valdez–Cordova,
94,MP50770,12/3/2007,Brabham,Lance,42,Whittier,Valdez–Cordova,Alaska,Male,White / Caucasian,4/14/2020,2,2_Valdez–Cordova,
95,MP36521,12/3/2007,Carter,Cameron,24,Whittier,Valdez–Cordova,Alaska,Male,White / Caucasian,4/14/2020,2,2_Valdez–Cordova,
100,MP36530,7/24/2006,Grissom,Thomas,42,St. Matthew Island,,Alaska,Male,White / Caucasian,4/14/2020,2,,
101,MP37040,1/1/2006,O'Brien,Kevin,36,Angoon,Skagway Yakutat Angoon,Alaska,Male,White / Caucasian,4/14/2020,2,2_Skagway Yakutat Angoon,
103,MP53741,8/27/2005,Richardson,Gary,59,Valdez,Valdez–Cordova,Alaska,Male,White / Caucasian,4/14/2020,2,2_Valdez–Cordova,
111,MP35067,5/4/2004,Harper,Jason,27,Wrangell,Wrangell Petersburg,Alaska,Male,White / Caucasian,12/12/2018,2,2_Wrangell Petersburg,
113,MP37039,9/27/2003,Heiser,Jurgen,37,Circle,,Alaska,Male,White / Caucasian,6/7/2018,2,,
116,MP52762,5/3/2003,Sisco,Michael,50,Columbia Bay,Valdez–Cordova,Alaska,Male,White / Caucasian,4/14/2020,2,2_Valdez–Cordova,
120,MP34740,9/26/2000,Gay,Charles,28,Skagway,Skagway Yakutat Angoon,Alaska,Male,White / Caucasian,4/17/2018,2,2_Skagway Yakutat Angoon,
127,MP54001,7/5/1998,Anderson,Krist,24,Copper Center,Valdez–Cordova,Alaska,Male,White / Caucasian,4/14/2020,2,2_Valdez–Cordova,
128,MP53740,6/9/1998,Roberts,Michael,46,Cordova,Valdez–Cordova,Alaska,Male,White / Caucasian,4/14/2020,2,2_Valdez–Cordova,
129,MP7405,5/18/1998,Harbaugh,Steven,35,Nenana,,Alaska,Male,White / Caucasian,4/18/2018,2,,
133,MP56349,10/5/1996,Ritter,Michael,38,Cordova,Valdez–Cordova,Alaska,Male,White / Caucasian,4/14/2020,2,2_Valdez–Cordova,
135,MP60550,7/29/1995,Gelin,Allen,61,Middleton Island,Valdez–Cordova,Alaska,Male,White / Caucasian,4/14/2020,2,2_Valdez–Cordova,
136,MP60575,7/29/1995,Lindner,Richard,20,Middleton Island,Valdez–Cordova,Alaska,Male,White / Caucasian,4/14/2020,2,2_Valdez–Cordova,
137,MP60577,7/29/1995,Pickar,Mark,32,Middleton Island,Valdez–Cordova,Alaska,Male,White / Caucasian,4/14/2020,2,2_Valdez–Cordova,
142,MP53032,6/3/1994,Mark,Michael,47,Chitina,Valdez–Cordova,Alaska,Male,White / Caucasian,4/14/2020,2,2_Valdez–Cordova,
148,MP18435,5/26/1993,Ivanov,Pavel,30,Cordova,Valdez–Cordova,Alaska,Male,White / Caucasian,4/14/2020,2,2_Valdez–Cordova,
150,MP56032,8/17/1992,Johnson,Richard,67,Gulkana,Valdez–Cordova,Alaska,Male,White / Caucasian,4/14/2020,2,2_Valdez–Cordova,
151,MP56034,8/17/1992,Roth,Franklin,65,Gulkana,Valdez–Cordova,Alaska,Male,White / Caucasian,4/14/2020,2,2_Valdez–Cordova,
155,MP56120,6/24/1992,Marstall,Paul,64,Copper Center,Valdez–Cordova,Alaska,Male,White / Caucasian,4/14/2020,2,2_Valdez–Cordova,
158,MP55761,4/8/1992,Keiner,Steve,46,Glennallen,Valdez–Cordova,Alaska,Male,White / Caucasian,4/14/2020,2,2_Valdez–Cordova,
159,MP55753,6/21/1991,Kosa,Loren,62,Copper River,Valdez–Cordova,Alaska,Male,White / Caucasian,4/14/2020,2,2_Valdez–Cordova,
160,MP55755,6/21/1991,Rocheleau,Harry,69,Copper River,Valdez–Cordova,Alaska,Male,White / Caucasian,4/14/2020,2,2_Valdez–Cordova,
161,MP55754,6/21/1991,Kosa,Monte,41,Copper River,Valdez–Cordova,Alaska,Male,White / Caucasian,4/14/2020,2,2_Valdez–Cordova,
163,MP56344,9/28/1990,Day,James,50,Montegue Island,Valdez–Cordova,Alaska,Male,White / Caucasian,4/14/2020,2,2_Valdez–Cordova,
165,MP26396,7/12/1990,Kephart,Bradley,35,Mount Yenlo,,Alaska,Male,White / Caucasian,4/14/2020,2,,
167,MP54538,8/25/1989,Farrell,Russell,60,Prince William Sound,Valdez–Cordova,Alaska,Male,White / Caucasian,4/14/2020,2,2_Valdez–Cordova,
168,MP55963,8/17/1989,Johnson,Michael,31,Prince William Sound,Valdez–Cordova,Alaska,Male,White / Caucasian,4/14/2020,2,2_Valdez–Cordova,
172,MP5865,4/25/1989,Borer,David,8,Willow,,Alaska,Male,White / Caucasian,4/14/2020,2,,
174,MP55854,6/20/1988,Mansfield,Gregory,39,Gulkana River,Valdez–Cordova,Alaska,Male,White / Caucasian,4/14/2020,2,2_Valdez–Cordova,
177,MP43199,5/18/1988,Newman,William,40,Wasilla,,Alaska,Male,White / Caucasian,5/10/2018,2,,
178,MP43198,5/18/1988,Melin,Jerry,33,Wasilla,,Alaska,Male,White / Caucasian,5/10/2018,2,,
184,MP56000,9/4/1987,De Estrada,Manuel,43,Cordova,Valdez–Cordova,Alaska,Male,White / Caucasian,4/14/2020,2,2_Valdez–Cordova,
185,MP41241,6/19/1987,Banks,Thomas,33,Cordova,,Alaska,Male,White / Caucasian,5/10/2018,2,,
195,MP66578,7/5/1986,Connell,James,31,Glennallen,Valdez–Cordova,Alaska,Male,White / Caucasian,4/14/2020,2,2_Valdez–Cordova,
198,MP6708,6/11/1986,Tackett,Virgil,17,Pelican,Skagway Yakutat Angoon,Alaska,Male,White / Caucasian,4/14/2020,2,2_Skagway Yakutat Angoon,
208,MP66803,8/13/1985,Alcantra,Daniel,36,Glennallen,Valdez–Cordova,Alaska,Male,White / Caucasian,4/14/2020,2,2_Valdez–Cordova,
218,MP43140,11/11/1984,Lewis,Gary,29,Cordova,,Alaska,Male,White / Caucasian,4/14/2020,2,,
237,MP58751,7/6/1984,"Treffers, Jr.",Ralph,51,Cordova,Valdez–Cordova,Alaska,Male,White / Caucasian,4/14/2020,2,2_Valdez–Cordova,
247,MP67242,9/22/1983,Ochoa,George,30,Glennallen,Valdez–Cordova,Alaska,Male,White / Caucasian,4/14/2020,2,2_Valdez–Cordova,
248,MP26083,9/2/1983,Fitzgerald,Thomas,28,Paxson,,Alaska,Male,White / Caucasian,4/14/2020,2,,
251,MP56672,6/17/1983,Fowler,Preston,29,Chitina,Valdez–Cordova,Alaska,Male,White / Caucasian,4/14/2020,2,2_Valdez–Cordova,
264,MP50605,11/24/1981,Geoit,Robert,32,Cordova,Valdez–Cordova,Alaska,Male,White / Caucasian,4/14/2020,2,2_Valdez–Cordova,
291,MP63869,5/28/1980,Childress,William,42,Point Baker,Prince of Wales – Hyder,Alaska,Male,White / Caucasian,4/14/2020,2,2_Prince of Wales – Hyder,
295,MP66781,1/10/1980,Haines,Thomas,21,Prince of Wales,Prince of Wales-Outer Ketchikan,Alaska,Male,White / Caucasian,4/14/2020,2,2_Prince of Wales-Outer Ketchikan,
301,MP66927,7/2/1979,"Napier, Sr.",Virgil,36,Glennallen,Valdez–Cordova,Alaska,Male,White / Caucasian,4/14/2020,2,2_Valdez–Cordova,
306,MP24429,8/5/1978,Rydholm,Stephan,24,Whittier,,Alaska,Male,White / Caucasian,4/14/2020,2,,
308,MP66740,5/6/1978,Kelley,Delbert,31,Prince of Wales,Prince of Wales-Outer Ketchikan,Alaska,Male,White / Caucasian,4/15/2020,2,2_Prince of Wales-Outer Ketchikan,
309,MP66786,5/6/1978,Cook,Glenn,27,Prince of Wales,Prince of Wales-Outer Ketchikan,Alaska,Male,White / Caucasian,4/15/2020,2,2_Prince of Wales-Outer Ketchikan,
314,MP55838,8/2/1977,Schroeter,Kent,22,Valdez,Valdez–Cordova,Alaska,Male,White / Caucasian,4/14/2020,2,2_Valdez–Cordova,
356,MP52469,9/19/2018,"Skeek, Jr.",Reginald,55,Kake,Prince of Wales – Hyder,Alaska,Male,American Indian / Alaska Native,4/14/2020,2,2_Prince of Wales – Hyder,
363,MP38923,6/22/2017,Charles,Francis,21,Hydaburg,Prince of Wales-Outer Ketchikan,Alaska,Male,American Indian / Alaska Native,1/17/2018,2,2_Prince of Wales-Outer Ketchikan,
365,MP52878,9/7/2016,Hamilton,Alfred,18,Shageluk,Yukon–Koyukuk,Alaska,Male,American Indian / Alaska Native,4/14/2020,2,2_Yukon–Koyukuk,
368,MP36879,7/13/2016,Hawk,Walter,43,Tuluksak,,Alaska,Male,American Indian / Alaska Native,4/17/2018,2,,
369,MP41591,1/7/2016,Henry,Andrew,69,Ruby,,Alaska,Male,American Indian / Alaska Native,9/14/2018,2,,
370,MP39342,12/10/2015,Graham,Casey,24,McGrath,,Alaska,Male,American Indian / Alaska Native,8/22/2017,2,,
371,MP41590,11/16/2015,Dayton,Alvin,64,Huslia,,Alaska,Male,American Indian / Alaska Native,7/26/2018,2,,
377,MP25280,9/3/2011,Oney,Nathan,22,Saint Mary's,Wade Hampton,Alaska,Male,American Indian / Alaska Native,5/8/2018,2,2_Wade Hampton,
381,MP37021,7/26/2010,Lupie,Nick,32,Bethel,,Alaska,Male,American Indian / Alaska Native,4/14/2020,2,,
385,MP36484,9/7/2007,Ungott,Gilbert,43,Gambell,,Alaska,Male,American Indian / Alaska Native,4/17/2018,2,,
386,MP36487,8/26/2007,Venes Jr.,Donald,28,Bethel,,Alaska,Male,American Indian / Alaska Native,4/14/2020,2,,
391,MP34139,11/16/2006,Agathluk,Albert,36,Emmonak,Wade Hampton,Alaska,Male,American Indian / Alaska Native,5/9/2018,2,2_Wade Hampton,
400,MP37032,8/16/2001,Edwards,Raymond,36,Mekoryuk,,Alaska,Male,American Indian / Alaska Native,4/17/2018,2,,
403,MP34145,7/21/2000,Chocknok,Charlie,84,New Stuyahok,,Alaska,Male,American Indian / Alaska Native,4/14/2020,2,,
404,MP53029,6/14/2000,Aumoeualogo,Aisa,50,Chitina,Valdez–Cordova,Alaska,Male,Asian,4/14/2020,2,2_Valdez–Cordova,
405,MP34751,10/20/1999,Immergan,Lancelot,33,Savoonga,,Alaska,Male,American Indian / Alaska Native,4/17/2018,2,,
407,MP24185,10/18/1998,"Henry, Jr.",Archie,49,Nome,,Alaska,Male,American Indian / Alaska Native,4/14/2020,2,,
409,MP30184,11/29/1997,Maclin,Kevin,32,Unalaska,,Alaska,Male,Black / African American,4/14/2020,2,,
413,MP26415,9/1/1993,Mark,Robert,35,Aniak,,Alaska,Male,American Indian / Alaska Native,4/14/2020,2,,
418,MP61081,5/29/1989,Yates,Louis,19,Klawock,Prince of Wales – Hyder,Alaska,Male,American Indian / Alaska Native,4/15/2020,2,2_Prince of Wales – Hyder,
422,MP24437,10/2/1988,Williams,Michael,30,Kotlik,,Alaska,Male,American Indian / Alaska Native,4/14/2020,2,,
423,MP55869,6/16/1988,Ogawa,Shigeo,49,Wrangell St. Elias,Valdez–Cordova,Alaska,Male,Asian,4/14/2020,2,2_Valdez–Cordova,
424,MP55867,6/16/1988,Mashiko,Toshiaki,30,Wrangell St. Elias,Valdez–Cordova,Alaska,Male,Asian,4/14/2020,2,2_Valdez–Cordova,
425,MP30191,9/23/1987,Saccheus,Ernest,24,Nome,,Alaska,Male,American Indian / Alaska Native,4/14/2020,2,,
430,MP67202,6/26/1986,Minano,Walter,76,Nenana,Yukon–Koyukuk,Alaska,Male,American Indian / Alaska Native,4/14/2020,2,2_Yukon–Koyukuk,
441,MP66919,4/18/1983,Bakken,John,36,Prince of Wales,Prince of Wales-Outer Ketchikan,Alaska,Male,Black / African American,4/14/2020,2,2_Prince of Wales-Outer Ketchikan,
450,MP66548,7/12/1981,Devlin,Joseph,18,Valdez,Valdez–Cordova,Alaska,Male,Uncertain,4/14/2020,2,2_Valdez–Cordova,
461,MP24199,5/7/1979,Clark,Raymond,23,Galena,,Alaska,Male,American Indian / Alaska Native,4/14/2020,2,,
462,MP41443,12/16/1978,Ayagalria,Roy,19,Bethel,,Alaska,Male,American Indian / Alaska Native,3/14/2018,2,,
465,MP66676,5/6/1978,Burgess Jr.,Victor,23,Prince of Wales,Prince of Wales-Outer Ketchikan,Alaska,Male,American Indian / Alaska Native,4/15/2020,2,2_Prince of Wales-Outer Ketchikan,
466,MP66955,5/6/1978,"Edenshaw, Jr.",Verne,20,Prince of Wales,Prince of Wales-Outer Ketchikan,Alaska,Male,American Indian / Alaska Native,4/15/2020,2,2_Prince of Wales-Outer Ketchikan,
467,MP67265,5/6/1978,"Hamilton, Jr",William,18,Prince of Wales,Prince of Wales-Outer Ketchikan,Alaska,Male,American Indian / Alaska Native,4/15/2020,2,2_Prince of Wales-Outer Ketchikan,
470,MP61370,2/7/1977,Goodlataw,Alvin,38,Glennallen,Valdez–Cordova,Alaska,Male,American Indian / Alaska Native,4/14/2020,2,2_Valdez–Cordova,
474,MP29053,9/8/1975,Olick,Alfred,31,Bethel,,Alaska,Male,American Indian / Alaska Native,4/15/2020,2,,
482,MP29022,10/19/1969,Olanna,Archie,40,Brevig Mission,,Alaska,Male,American Indian / Alaska Native,2/16/2018,2,,
484,MP29024,10/1/1965,Pungowiyi,Dennis,32,Saint Lawrence Island,,Alaska,Male,American Indian / Alaska Native,3/14/2018,2,,
485,MP42364,6/1/1961,Esenituk,Tuck,30,Brevig Mission,,Alaska,Male,American Indian / Alaska Native,4/14/2020,2,,
486,MP42620,9/25/1960,Pitka,Harry,39,Nulato,,Alaska,Male,American Indian / Alaska Native,4/14/2020,2,,
487,MP42623,9/25/1960,"Demoski, Jr.",Leo,48,Nulato,,Alaska,Male,American Indian / Alaska Native,4/14/2020,2,,
488,MP42622,9/25/1960,Demoski,Claude,45,Nulato,,Alaska,Male,American Indian / Alaska Native,3/5/2019,2,,
489,MP29026,9/25/1960,Nollner,Emmett,28,Nulato,,Alaska,Male,American Indian / Alaska Native,4/14/2020,2,,
495,MP55352,1/29/2019,Morse,Stacie,30,Kake,Prince of Wales – Hyder,Alaska,Female,White / Caucasian,4/14/2020,2,2_Prince of Wales – Hyder,
496,MP55351,1/29/2019,Langston,Margaret,43,Kake,Prince of Wales – Hyder,Alaska,Female,White / Caucasian,4/14/2020,2,2_Prince of Wales – Hyder,
498,MP52903,10/4/2018,Ginnis,Lorraine,62,Fort Yukon,Yukon–Koyukuk,Alaska,Female,American Indian / Alaska Native,4/14/2020,2,2_Yukon–Koyukuk,
499,MP55570,9/12/2018,Bealer,Pamela,58,Pelican Bay,Hoonah–Angoon,Alaska,Female,White / Caucasian,4/14/2020,2,2_Hoonah–Angoon,
502,MP39021,5/20/2017,Adams,Ai,38,Beaver,,Alaska,Female,Asian,3/3/2020,2,,
515,MP42492,6/20/2009,Patigler,Ingrid,66,Palmer,,Alaska,Female,White / Caucasian,3/7/2018,2,,
517,MP51809,3/6/2008,Kassahn,Melody,53,Cordova,Valdez–Cordova,Alaska,Female,White / Caucasian,4/14/2020,2,2_Valdez–Cordova,
519,MP50771,12/3/2007,McDowell,Gaye,60,Whittier,Valdez–Cordova,Alaska,Female,White / Caucasian,4/14/2020,2,2_Valdez–Cordova,
532,MP66473,8/15/1997,Anderson,Lauren,1,Nenana,Yukon–Koyukuk,Alaska,Female,White / Caucasian,4/14/2020,2,2_Yukon–Koyukuk,
536,MP4482,8/26/1996,Evon,Stella,17,Bethel,,Alaska,Female,American Indian / Alaska Native,2/12/2019,2,,
550,MP55834,8/13/1990,Mitter,Susan,43,Chitina,Valdez–Cordova,Alaska,Female,White / Caucasian,4/14/2020,2,2_Valdez–Cordova,
552,MP54540,8/25/1989,Hvatum,Sandra,36,Prince William Sound,Valdez–Cordova,Alaska,Female,White / Caucasian,4/14/2020,2,2_Valdez–Cordova,
553,MP54539,8/25/1989,Hvatum,Kristen,3,Prince William Sound,Valdez–Cordova,Alaska,Female,White / Caucasian,4/14/2020,2,2_Valdez–Cordova,
560,MP67136,6/3/1984,Korth,Colleen,2,Fort Yukon,Yukon–Koyukuk,Alaska,Female,American Indian / Alaska Native,4/17/2020,2,2_Yukon–Koyukuk,
580,MP29023,10/19/1969,Olanna,Fanny,35,Brevig Mission,,Alaska,Female,American Indian / Alaska Native,4/14/2020,2,,
581,MP42621,9/25/1960,Demoski,Bertha,38,Nulato,,Alaska,Female,American Indian / Alaska Native,4/14/2020,2,,
741,MP26780,4/17/2014,Gorham,Wendy,43,Fort Payne,,Alabama,Female,White / Caucasian,2/5/2020,1,,
2662,MP20362,4/1/1993,Thurber,Norman,49,SAN FELIPE BAJA,,California,Male,White / Caucasian,10/2/2015,6,,
6927,MP20630,1/1/1980,Redding,Susan,20,Decatur,,Georgia,Female,Black / African American,3/26/2020,13,,
6935,MP1358,11/3/2008,Wetzel,David,38,Tamuning,,Guam,Male,White / Caucasian,4/26/2017,66,,
6936,MP65548,3/1/1995,Cronin,Shizue,60,Tamuning,All,Guam,Female,Asian,4/2/2020,66,66_All,
7585,MP5437,3/3/2002,Matney,Janice,39,Ottawa,,Illinois,Female,White / Caucasian,5/7/2019,17,,
7622,MP7572,9/20/1990,Blumhorst,Veronica,21,Mendota,,Illinois,Female,White / Caucasian,4/7/2020,17,,
7718,MP34636,1/28/2003,Tuttle,Chalmer,60,Auburn,,Indiana,Male,White / Caucasian,8/21/2019,18,,
7755,MP12952,4/12/1974,Marshall,Billy,36,Ashley,,Indiana,Male,White / Caucasian,3/26/2020,18,,
7782,MP1044,3/17/2000,Huizar,Francisco,32,Michigan City,,Indiana,Male,Hispanic / Latino,1/16/2018,18,,
7830,MP34641,1/27/2004,Wright,Lakevia,18,Michigan City,,Indiana,Female,Black / African American,9/2/2016,18,,
7845,MP845,8/16/1993,Hogan,Ardora,21,Michigan City,,Indiana,Female,Black / African American,4/5/2018,18,,
8001,MP36733,12/12/2015,Key,James,31,Hodgenville,LaRue,Kentucky,Male,White / Caucasian,4/30/2019,21,21_LaRue,
11311,MP32215,4/1/2013,Welch,Sanders,48,La Mesa,,New Mexico,Male,White / Caucasian,11/1/2019,35,,
11325,MP8147,2/2/2007,Alcantar,Trinidad,54,Las Cruces,,New Mexico,Male,"White / Caucasian, Hispanic / Latino",11/1/2019,35,,
11332,MP6888,3/30/2000,Dominguez,Antonio,61,Las Cruces,,New Mexico,Male,"White / Caucasian, Hispanic / Latino",3/3/2020,35,,
11334,MP4983,9/5/1999,Ottesen,Jon,61,Las Cruces,,New Mexico,Male,White / Caucasian,11/1/2019,35,,
11335,MP8321,3/19/1998,Hawkins,Charles,63,Las Cruces,,New Mexico,Male,White / Caucasian,11/1/2019,35,,
11338,MP8280,11/1/1997,Luna,Jose,35,Las Cruces,,New Mexico,Male,"White / Caucasian, Hispanic / Latino",11/1/2019,35,,
11339,MP8268,11/21/1995,Gonzales,Jesus,78,Las Cruces,,New Mexico,Male,"White / Caucasian, Hispanic / Latino",11/1/2019,35,,
11341,MP9684,7/30/1992,Martinez,Sergio,16,Las Cruces,,New Mexico,Male,"White / Caucasian, Hispanic / Latino",11/1/2019,35,,
11342,MP7244,6/14/1992,Gonzales,Jose,36,Las Cruces,,New Mexico,Male,"White / Caucasian, Hispanic / Latino",1/2/2020,35,,
11343,MP3972,2/23/1991,Smith,Nicholas,11,Las Cruces,,New Mexico,Male,White / Caucasian,11/1/2019,35,,
11349,MP1131,3/23/1977,Harp,Michael,23,Las Cruces,,New Mexico,Male,White / Caucasian,11/4/2019,35,,
11389,MP6742,4/8/1986,Trejo,Victor,14,Las Cruces,,New Mexico,Male,Hispanic / Latino,11/1/2019,35,,
11409,MP35938,11/6/2015,Serna-Barela,Eva,52,Las Cruces,,New Mexico,Female,Hispanic / Latino,11/1/2019,35,,
11431,MP5741,9/28/2003,Sheeley,Susan,47,Las Cruces,,New Mexico,Female,White / Caucasian,11/1/2019,35,,
11453,MP657,2/23/1991,Warner,Edyth,35,Las Cruces,,New Mexico,Female,White / Caucasian,11/1/2019,35,,
11455,MP2694,8/21/1989,Escalante,Debbie,29,Las Cruces,,New Mexico,Female,"White / Caucasian, Hispanic / Latino",11/1/2019,35,,
11458,MP6270,2/13/1987,Knox,Marjorie,14,Chaparral,,New Mexico,Female,White / Caucasian,11/1/2019,35,,
11491,MP28266,7/1/2013,Cash,Christopher,55,Carson City,Carson,Nevada,Male,White / Caucasian,9/20/2019,32,32_Carson,
13965,MP65847,1/1/2009,High Hawk,Gloria,"49, 50",Pittsburg,,Pennsylvania,Female,American Indian / Alaska Native,4/14/2020,42,,
14161,MP56286,,DELAHAY,Glenora,,York,,Pennsylvania,Female,White / Caucasian,4/8/2020,42,,
14162,MP4344,5/6/2004,Velazquez,Victor,28,Hacienda de Dorado,,Puerto Rico,Male,"White / Caucasian, Hispanic / Latino",4/19/2017,72,,
14163,MP4279,1/14/2004,Ramirez,Milton,44,Mayaguez,,Puerto Rico,Male,"White / Caucasian, Hispanic / Latino",8/23/2018,72,,
14164,MP11913,10/9/2001,Garcia-Hernandez,Domingo,57,Ponce,,Puerto Rico,Male,"White / Caucasian, Hispanic / Latino",3/8/2018,72,,
14165,MP6736,7/6/1976,Torres-Irizarry,Angel,1,Adjuntas,,Puerto Rico,Male,White / Caucasian,7/23/2018,72,,
14166,MP4569,5/5/1974,Colonna Aponte,John,12,Puerto Rico,,Puerto Rico,Male,"White / Caucasian, Hispanic / Latino",5/15/2018,72,,
14167,MP11105,3/14/2011,Herrera,Bienvenido,56,Carolina,,Puerto Rico,Male,Hispanic / Latino,1/31/2015,72,,
14168,MP4028,7/7/1999,Salas Jusino,Rolando,4,Toa Alta,,Puerto Rico,Male,Hispanic / Latino,9/14/2018,72,,
14169,MP6320,6/20/1998,Lopez Lugo,Luis,9,Guayanilla,,Puerto Rico,Male,Hispanic / Latino,5/22/2018,72,,
14170,MP29916,5/1/1998,Cruz,Angelo,39,Santa Rita,,Puerto Rico,Male,Black / African American,4/5/2018,72,,
14171,MP2759,2/19/1995,Medina,Jose,15,Moca,,Puerto Rico,Male,Hispanic / Latino,5/22/2018,72,,
14172,MP54374,12/15/1984,Cruz,Marcos,2,Puerto Rico,All,Puerto Rico,Male,Black / African American,3/12/2020,72,72_All,
14173,MP59392,12/5/2018,Piacentino,Brenda,43,Loiza,All,Puerto Rico,Female,White / Caucasian,9/16/2019,72,72_All,
14174,MP39253,6/1/2016,Rodriguez Perez,Angel,16,Bayamon,,Puerto Rico,Female,Hispanic / Latino,7/27/2017,72,,
14175,MP39056,6/14/2015,Garcia Valdes,Stephanie,15,Dorado,,Puerto Rico,Female,Hispanic / Latino,7/21/2017,72,,
14176,MP28563,10/31/2013,Escudero Gonzalez,Maria del Carmen,67,San Juan,,Puerto Rico,Female,"White / Caucasian, Hispanic / Latino",4/5/2018,72,,
14177,MP6533,11/26/2008,Pinero Morales,Stephanie,13,Ceiba,,Puerto Rico,Female,Hispanic / Latino,8/6/2018,72,,
14178,MP5893,7/8/2006,Burgos Ortiz,Kamyle,12,San Lorenzo,,Puerto Rico,Female,Hispanic / Latino,9/6/2019,72,,
14179,MP6611,5/21/2006,Ruiz-Rodriguez,Cristina,13,Guayanilla,,Puerto Rico,Female,Hispanic / Latino,11/10/2017,72,,
14180,MP5801,2/10/2001,Aponte-Soto,Yeritza,17,Juana Diaz,,Puerto Rico,Female,Hispanic / Latino,11/10/2017,72,,
14181,MP9369,11/14/2000,Montes-Gonzalez,Yamaira,14,Yabucoa,,Puerto Rico,Female,Hispanic / Latino,11/14/2017,72,,
14182,MP5810,9/9/1999,Aviles Colon,Diane,14,Guaynabo,,Puerto Rico,Female,Hispanic / Latino,11/15/2017,72,,
14183,MP2761,5/2/1992,Delfi-Feliciano,Michelle,4,Santa Isabel,,Puerto Rico,Female,Hispanic / Latino,4/27/2018,72,,
14184,MP4568,5/4/1974,Colonna Aponte,Giannina,11,Puerto Rico,,Puerto Rico,Female,"White / Caucasian, Hispanic / Latino",4/25/2018,72,,
14437,MP24046,4/1/1973,Robinson Jr.,Perry,35,Pine Ridge,,South Dakota,Male,Black / African American,4/4/2018,46,,
16779,MP34264,11/4/2015,Adamitz,Brian,35,St Thomas,All,United States Virgin Islands,Male,White / Caucasian,4/8/2019,78,78_All,
16780,MP17295,4/6/2011,Sharmouj,Musa-Raji,19,St. Croix,,United States Virgin Islands,Male,White / Caucasian,5/23/2018,78,,
16781,MP17306,3/21/2010,Garcia,Nicholas,85,St. Croix,,United States Virgin Islands,Male,White / Caucasian,9/17/2012,78,,
16782,MP2922,8/13/2000,Voss,David,35,St. Croix,,United States Virgin Islands,Male,White / Caucasian,2/12/2019,78,,
16783,MP23837,2/11/1980,Jensen,Peter,14,Saint Thomas,All,United States Virgin Islands,Male,White / Caucasian,2/12/2019,78,78_All,
16784,MP17290,5/9/2011,Simmonds,Clayton,53,Fort Mylner,,United States Virgin Islands,Male,Black / African American,5/23/2018,78,,
16785,MP9797,1/29/2010,Robin,Isaac,20,Saint Croix,,United States Virgin Islands,Male,Black / African American,8/23/2018,78,,
16786,MP17287,10/31/2008,Joseph,Canute,43,St. Thomas,,United States Virgin Islands,Male,Black / African American,9/17/2012,78,,
16787,MP17291,5/2/2008,Nicholas,Gerald,44,Estate Bordeaux,,United States Virgin Islands,Male,Black / African American,9/18/2012,78,,
16788,MP17289,11/30/2006,Brady,Carrel,41,Little Plantation,,United States Virgin Islands,Male,Black / African American,9/17/2012,78,,
16789,MP50503,9/14/2017,Upp,Hannah,32,Saint Thomas,All,United States Virgin Islands,Female,White / Caucasian,2/12/2019,78,78_All,
16790,MP9206,11/9/2009,Jones,Creola,34,St. Croix,,United States Virgin Islands,Female,Black / African American,9/17/2012,78,,
16791,MP17288,8/12/2009,Charleswell,Akilah,27,St. Thomas,,United States Virgin Islands,Female,Black / African American,10/4/2019,78,,
16792,MP17292,11/1/2008,Wetzl,Karin,36,Charlotte Amalie,,United States Virgin Islands,Female,White / Caucasian,5/30/2018,78,,
16793,MP5504,5/2/2008,January,Penny,43,St. Thomas,,United States Virgin Islands,Female,Black / African American,12/8/2016,78,,
16794,MP55023,5/1/1974,Shapiro Laplace,Sandra,27,Hull Bay,All,United States Virgin Islands,Female,White / Caucasian,2/12/2019,78,78_All,
